Entity ID,Acquisition Date,Mission,Frame Number,Image Type,Camera,Camera Resolution,Film Type,Generation,Polarity,Operations Number,Download Available,Center Latitude,Center Longitude,NW Corner Lat,NW Corner Long,NE Corner Lat,NE Corner Long,SE Corner Lat,SE Corner Long,SW Corner Lat,SW Corner Long,Center Latitude dec,Center Longitude dec,NW Corner Lat dec,NW Corner Long dec,NE Corner Lat dec,NE Corner Long dec,SE Corner Lat dec,SE Corner Long dec,SW Corner Lat dec,SW Corner Long dec,Display ID
D3C1205-300376A043,1973/04/13,1205-3,43,Black and White,A,2 to 4 feet,6,2,Negative,376,,26°23'13.20"N,49°54'03.60"E,26°39'14.40"N,48°34'44.40"E,26°19'19.20"N,51°31'30"E,26°10'30"N,51°30'36"E,26°20'13.20"N,48°40'08.40"E,26.387,49.901,26.654,48.579,26.322,51.525,26.175,51.51,26.337,48.669,D3C1205-300376A043
D3C1205-300376A044,1973/04/13,1205-3,44,Black and White,A,2 to 4 feet,6,2,Negative,376,,26°14'52.80"N,49°52'37.20"E,26°30'54"N,48°33'25.20"E,26°10'58.80"N,51°30'00"E,26°02'09.60"N,51°29'02.40"E,26°11'52.80"N,48°38'49.20"E,26.248,49.877,26.515,48.557,26.183,51.5,26.036,51.484,26.198,48.647,D3C1205-300376A044
D3C1205-300376A045,1973/04/13,1205-3,45,Black and White,A,2 to 4 feet,6,2,Negative,376,,26°06'32.40"N,49°51'14.40"E,26°22'30"N,48°32'02.40"E,26°02'38.40"N,51°28'26.40"E,25°53'49.20"N,51°27'32.40"E,26°03'32.40"N,48°37'26.40"E,26.109,49.854,26.375,48.534,26.044,51.474,25.897,51.459,26.059,48.624,D3C1205-300376A045
D3C1205-300376A046,1973/04/13,1205-3,46,Black and White,A,2 to 4 feet,6,2,Negative,376,,25°58'08.40"N,49°49'48"E,26°14'09.60"N,48°30'43.20"E,25°54'14.40"N,51°26'56.40"E,25°45'25.20"N,51°25'58.80"E,25°55'08.40"N,48°36'07.20"E,25.969,49.83,26.236,48.512,25.904,51.449,25.757,51.433,25.919,48.602,D3C1205-300376A046
D3C1205-300376A047,1973/04/13,1205-3,47,Black and White,A,2 to 4 feet,6,2,Negative,376,,25°49'48"N,49°48'25.20"E,26°05'45.60"N,48°29'24"E,25°45'54"N,51°25'22.80"E,25°37'04.80"N,51°24'28.80"E,25°46'48"N,48°34'44.40"E,25.83,49.807,26.096,48.49,25.765,51.423,25.618,51.408,25.78,48.579,D3C1205-300376A047
D3C1205-300376A048,1973/04/13,1205-3,48,Black and White,A,2 to 4 feet,6,2,Negative,376,,25°41'20.40"N,49°46'55.20"E,25°57'21.60"N,48°28'01.20"E,25°37'30"N,51°23'52.80"E,25°28'40.80"N,51°22'55.20"E,25°38'20.40"N,48°33'25.20"E,25.689,49.782,25.956,48.467,25.625,51.398,25.478,51.382,25.639,48.557,D3C1205-300376A048
D3C1205-300376A049,1973/04/13,1205-3,49,Black and White,A,2 to 4 feet,6,2,Negative,376,,25°32'52.80"N,49°45'28.80"E,25°48'54"N,48°26'42"E,25°29'02.40"N,51°22'19.20"E,25°20'13.20"N,51°21'25.20"E,25°29'52.80"N,48°32'02.40"E,25.548,49.758,25.815,48.445,25.484,51.372,25.337,51.357,25.498,48.534,D3C1205-300376A049
D3C1205-300376F042,1973/04/13,1205-3,42,Black and White,F,2 to 4 feet,6,2,Negative,376,,26°27'14.40"N,49°56'31.20"E,26°43'15.60"N,48°44'42"E,26°22'40.80"N,51°34'08.40"E,26°13'55.20"N,51°32'52.80"E,26°25'22.80"N,48°35'42"E,26.454,49.942,26.721,48.745,26.378,51.569,26.232,51.548,26.423,48.595,D3C1205-300376F042
D3C1205-300376F043,1973/04/13,1205-3,43,Black and White,F,2 to 4 feet,6,2,Negative,376,,26°18'50.40"N,49°55'12"E,26°34'51.60"N,48°43'19.20"E,26°14'20.40"N,51°32'34.80"E,26°05'31.20"N,51°31'22.80"E,26°17'02.40"N,48°34'22.80"E,26.314,49.92,26.581,48.722,26.239,51.543,26.092,51.523,26.284,48.573,D3C1205-300376F043
D3C1205-300376F044,1973/04/13,1205-3,44,Black and White,F,2 to 4 feet,6,2,Negative,376,,26°10'30"N,49°53'42"E,26°26'31.20"N,48°42'00"E,26°05'56.40"N,51°31'04.80"E,25°57'10.80"N,51°29'49.20"E,26°08'38.40"N,48°33'03.60"E,26.175,49.895,26.442,48.7,26.099,51.518,25.953,51.497,26.144,48.551,D3C1205-300376F044
D3C1205-300376F045,1973/04/13,1205-3,45,Black and White,F,2 to 4 feet,6,2,Negative,376,,26°02'09.60"N,49°52'19.20"E,26°18'07.20"N,48°40'37.20"E,25°57'36"N,51°29'31.20"E,25°48'50.40"N,51°28'19.20"E,26°00'18"N,48°31'40.80"E,26.036,49.872,26.302,48.677,25.96,51.492,25.814,51.472,26.005,48.528,D3C1205-300376F045
D3C1205-300376F046,1973/04/13,1205-3,46,Black and White,F,2 to 4 feet,6,2,Negative,376,,25°53'45.60"N,49°50'56.40"E,26°09'46.80"N,48°39'18"E,25°49'15.60"N,51°28'01.20"E,25°40'26.40"N,51°26'45.60"E,25°51'54"N,48°30'21.60"E,25.896,49.849,26.163,48.655,25.821,51.467,25.674,51.446,25.865,48.506,D3C1205-300376F046
D3C1205-300376F047,1973/04/13,1205-3,47,Black and White,F,2 to 4 feet,6,2,Negative,376,,25°45'21.60"N,49°49'22.80"E,26°01'22.80"N,48°37'55.20"E,25°40'51.60"N,51°26'27.60"E,25°32'06"N,51°25'15.60"E,25°43'30"N,48°29'02.40"E,25.756,49.823,26.023,48.632,25.681,51.441,25.535,51.421,25.725,48.484,D3C1205-300376F047
D3C1205-300376F048,1973/04/13,1205-3,48,Black and White,F,2 to 4 feet,6,2,Negative,376,,25°37'01.20"N,49°48'03.60"E,25°53'02.40"N,48°36'36"E,25°32'31.20"N,51°24'57.60"E,25°23'42"N,51°23'45.60"E,25°35'09.60"N,48°27'43.20"E,25.617,49.801,25.884,48.61,25.542,51.416,25.395,51.396,25.586,48.462,D3C1205-300376F048
D3C1209-300444A002,1975/01/05,1209-3,2,Black and White,A,2 to 4 feet,6,2,Negative,444,,25°36'54"N,51°53'52.80"E,25°49'33.60"N,50°50'34.80"E,25°39'21.60"N,52°52'04.80"E,25°21'43.20"N,52°42'36"E,25°39'21.60"N,50°48'03.60"E,25.615,51.898,25.826,50.843,25.656,52.868,25.362,52.71,25.656,50.801,D3C1209-300444A002
D3C1209-300444A003,1975/01/05,1209-3,3,Black and White,A,2 to 4 feet,6,2,Negative,444,,25°28'22.80"N,51°52'01.20"E,25°41'02.40"N,50°48'46.80"E,25°30'50.40"N,52°50'09.60"E,25°13'12"N,52°40'40.80"E,25°30'50.40"N,50°46'15.60"E,25.473,51.867,25.684,50.813,25.514,52.836,25.22,52.678,25.514,50.771,D3C1209-300444A003
D3C1209-300444F001,1975/01/05,1209-3,1,Black and White,F,2 to 4 feet,6,2,Negative,444,,25°41'20.40"N,51°29'02.40"E,25°53'16.80"N,50°39'21.60"E,25°43'26.40"N,52°11'09.60"E,25°27'21.60"N,52°12'54"E,25°43'26.40"N,50°38'38.40"E,25.689,51.484,25.888,50.656,25.724,52.186,25.456,52.215,25.724,50.644,D3C1209-300444F001
D3C1209-300444F002,1975/01/05,1209-3,2,Black and White,F,2 to 4 feet,6,2,Negative,444,,25°28'55.20"N,51°54'03.60"E,25°43'19.20"N,50°50'06"E,25°31'08.40"N,52°45'28.80"E,25°11'42"N,52°48'57.60"E,25°32'49.20"N,50°49'33.60"E,25.482,51.901,25.722,50.835,25.519,52.758,25.195,52.816,25.547,50.826,D3C1209-300444F002
D3C1209-300444F003,1975/01/05,1209-3,3,Black and White,F,2 to 4 feet,6,2,Negative,444,,25°20'24"N,51°52'19.20"E,25°34'44.40"N,50°48'18"E,25°22'37.20"N,52°43'37.20"E,25°03'10.80"N,52°47'06"E,25°24'18"N,50°47'49.20"E,25.34,51.872,25.579,50.805,25.377,52.727,25.053,52.785,25.405,50.797,D3C1209-300444F003
D3C1213-100017A008,1977/06/30,1213-1,8,Black and White,A,2 to 4 feet,6,2,Negative,17,,26°25'33.60"N,49°44'27.60"E,26°36'10.80"N,49°08'38.40"E,26°25'58.80"N,50°24'14.40"E,26°16'26.40"N,50°23'27.60"E,26°22'40.80"N,49°09'43.20"E,26.426,49.741,26.603,49.144,26.433,50.404,26.274,50.391,26.378,49.162,D3C1213-100017A008
D3C1213-100017A009,1977/06/30,1213-1,9,Black and White,A,2 to 4 feet,6,2,Negative,17,,26°16'48"N,49°42'43.20"E,26°27'25.20"N,49°06'54"E,26°17'13.20"N,50°22'22.80"E,26°07'40.80"N,50°21'39.60"E,26°13'58.80"N,49°07'58.80"E,26.28,49.712,26.457,49.115,26.287,50.373,26.128,50.361,26.233,49.133,D3C1213-100017A009
D3C1213-100017A010,1977/06/30,1213-1,10,Black and White,A,2 to 4 feet,6,2,Negative,17,,26°08'02.40"N,49°40'55.20"E,26°18'39.60"N,49°05'09.60"E,26°08'27.60"N,50°20'31.20"E,25°58'55.20"N,50°19'48"E,26°05'13.20"N,49°06'10.80"E,26.134,49.682,26.311,49.086,26.141,50.342,25.982,50.33,26.087,49.103,D3C1213-100017A010
D3C1213-100017A011,1977/06/30,1213-1,11,Black and White,A,2 to 4 feet,6,2,Negative,17,,25°59'16.80"N,49°39'07.20"E,26°09'54"N,49°03'21.60"E,25°59'42"N,50°18'43.20"E,25°50'09.60"N,50°17'56.40"E,25°56'27.60"N,49°04'26.40"E,25.988,49.652,26.165,49.056,25.995,50.312,25.836,50.299,25.941,49.074,D3C1213-100017A011
D3C1213-100017A012,1977/06/30,1213-1,12,Black and White,A,2 to 4 feet,6,2,Negative,17,,25°50'31.20"N,49°37'19.20"E,26°01'08.40"N,49°01'37.20"E,25°50'56.40"N,50°16'51.60"E,25°41'24"N,50°16'08.40"E,25°47'42"N,49°02'42"E,25.842,49.622,26.019,49.027,25.849,50.281,25.69,50.269,25.795,49.045,D3C1213-100017A012
D3C1213-100017F007,1977/06/30,1213-1,7,Black and White,F,2 to 4 feet,6,2,Negative,17,,26°30'28.80"N,49°47'24"E,26°41'13.20"N,49°14'34.80"E,26°30'25.20"N,50°27'43.20"E,26°21'00"N,50°25'40.80"E,26°28'22.80"N,49°09'50.40"E,26.508,49.79,26.687,49.243,26.507,50.462,26.35,50.428,26.473,49.164,D3C1213-100017F007
D3C1213-100017F008,1977/06/30,1213-1,8,Black and White,F,2 to 4 feet,6,2,Negative,17,,26°21'43.20"N,49°45'39.60"E,26°32'27.60"N,49°12'46.80"E,26°21'39.60"N,50°25'55.20"E,26°12'14.40"N,50°23'49.20"E,26°19'37.20"N,49°08'06"E,26.362,49.761,26.541,49.213,26.361,50.432,26.204,50.397,26.327,49.135,D3C1213-100017F008
D3C1213-100017F009,1977/06/30,1213-1,9,Black and White,F,2 to 4 feet,6,2,Negative,17,,26°12'57.60"N,49°43'48"E,26°23'42"N,49°11'02.40"E,26°12'54"N,50°24'03.60"E,26°03'28.80"N,50°21'57.60"E,26°10'51.60"N,49°06'18"E,26.216,49.73,26.395,49.184,26.215,50.401,26.058,50.366,26.181,49.105,D3C1213-100017F009
D3C1213-100017F010,1977/06/30,1213-1,10,Black and White,F,2 to 4 feet,6,2,Negative,17,,26°04'12"N,49°42'03.60"E,26°14'56.40"N,49°09'18"E,26°04'08.40"N,50°22'12"E,25°54'43.20"N,50°20'09.60"E,26°02'06"N,49°04'33.60"E,26.07,49.701,26.249,49.155,26.069,50.37,25.912,50.336,26.035,49.076,D3C1213-100017F010
D3C1213-100017F011,1977/06/30,1213-1,11,Black and White,F,2 to 4 feet,6,2,Negative,17,,25°55'26.40"N,49°40'15.60"E,26°06'10.80"N,49°07'33.60"E,25°55'22.80"N,50°20'24"E,25°45'57.60"N,50°18'18"E,25°53'20.40"N,49°02'49.20"E,25.924,49.671,26.103,49.126,25.923,50.34,25.766,50.305,25.889,49.047,D3C1213-100017F011
D3C1213-100017F012,1977/06/30,1213-1,12,Black and White,F,2 to 4 feet,6,2,Negative,17,,25°46'40.80"N,49°38'27.60"E,25°57'25.20"N,49°05'45.60"E,25°46'37.20"N,50°18'32.40"E,25°37'12"N,50°16'30"E,25°44'34.80"N,49°01'04.80"E,25.778,49.641,25.957,49.096,25.777,50.309,25.62,50.275,25.743,49.018,D3C1213-100017F012
D3C1213-100017F013,1977/06/30,1213-1,13,Black and White,F,2 to 4 feet,6,2,Negative,17,,25°37'55.20"N,49°36'39.60"E,25°48'39.60"N,49°04'01.20"E,25°37'51.60"N,50°16'44.40"E,25°28'26.40"N,50°14'38.40"E,25°35'49.20"N,48°59'20.40"E,25.632,49.611,25.811,49.067,25.631,50.279,25.474,50.244,25.597,48.989,D3C1213-100017F013
D3C1213-200346A002,1977/08/27,1213-2,2,Black and White,A,2 to 4 feet,6,2,Negative,346,,26°17'06"N,51°17'24"E,26°28'48"N,50°19'48"E,26°15'54"N,52°16'33.60"E,26°05'31.20"N,52°13'51.60"E,26°18'03.60"N,50°19'40.80"E,26.285,51.29,26.48,50.33,26.265,52.276,26.092,52.231,26.301,50.328,D3C1213-200346A002
D3C1213-200346A003,1977/08/27,1213-2,3,Black and White,A,2 to 4 feet,6,2,Negative,346,1,26°08'20.40"N,51°15'32.40"E,26°20'02.40"N,50°18'00"E,26°07'08.40"N,52°14'38.40"E,25°56'45.60"N,52°11'56.40"E,26°09'18"N,50°17'52.80"E,26.139,51.259,26.334,50.3,26.119,52.244,25.946,52.199,26.155,50.298,D3C1213-200346A003
D3C1213-200346A004,1977/08/27,1213-2,4,Black and White,A,2 to 4 feet,6,2,Negative,346,,25°59'31.20"N,51°13'44.40"E,26°11'16.80"N,50°16'12"E,25°58'22.80"N,52°12'43.20"E,25°47'56.40"N,52°10'01.20"E,26°00'32.40"N,50°16'04.80"E,25.992,51.229,26.188,50.27,25.973,52.212,25.799,52.167,26.009,50.268,D3C1213-200346A004
D3C1213-200346A005,1977/08/27,1213-2,5,Black and White,A,2 to 4 feet,6,2,Negative,346,,25°50'49.20"N,51°11'45.60"E,26°02'34.80"N,50°14'24"E,25°49'37.20"N,52°10'48"E,25°39'14.40"N,52°08'06"E,25°51'46.80"N,50°14'16.80"E,25.847,51.196,26.043,50.24,25.827,52.18,25.654,52.135,25.863,50.238,D3C1213-200346A005
D3C1213-200346A006,1977/08/27,1213-2,6,Black and White,A,2 to 4 feet,6,2,Negative,346,,25°42'03.60"N,51°09'57.60"E,25°53'49.20"N,50°12'36"E,25°40'51.60"N,52°08'52.80"E,25°30'25.20"N,52°06'10.80"E,25°43'01.20"N,50°12'28.80"E,25.701,51.166,25.897,50.21,25.681,52.148,25.507,52.103,25.717,50.208,D3C1213-200346A006
D3C1213-200346A007,1977/08/27,1213-2,7,Black and White,A,2 to 4 feet,6,2,Negative,346,,25°33'18"N,51°08'06"E,25°45'03.60"N,50°10'48"E,25°32'06"N,52°06'57.60"E,25°21'39.60"N,52°04'19.20"E,25°34'15.60"N,50°10'40.80"E,25.555,51.135,25.751,50.18,25.535,52.116,25.361,52.072,25.571,50.178,D3C1213-200346A007
D3C1213-200346A008,1977/08/27,1213-2,8,Black and White,A,2 to 4 feet,6,2,Negative,346,,25°24'32.40"N,51°06'18"E,25°36'18"N,50°09'03.60"E,25°23'20.40"N,52°05'06"E,25°12'54"N,52°02'24"E,25°25'30"N,50°08'56.40"E,25.409,51.105,25.605,50.151,25.389,52.085,25.215,52.04,25.425,50.149,D3C1213-200346A008
D3C1213-200346F001,1977/08/27,1213-2,1,Black and White,F,2 to 4 feet,6,2,Negative,346,,26°22'44.40"N,51°05'02.40"E,26°35'52.80"N,50°09'39.60"E,26°19'55.20"N,52°05'09.60"E,26°09'50.40"N,52°04'19.20"E,26°24'43.20"N,50°06'10.80"E,26.379,51.084,26.598,50.161,26.332,52.086,26.164,52.072,26.412,50.103,D3C1213-200346F001
D3C1213-200346F002,1977/08/27,1213-2,2,Black and White,F,2 to 4 feet,6,2,Negative,346,,26°12'00"N,51°18'14.40"E,26°24'57.60"N,50°22'22.80"E,26°09'36"N,52°16'01.20"E,25°58'55.20"N,52°15'25.20"E,26°14'31.20"N,50°19'26.40"E,26.2,51.304,26.416,50.373,26.16,52.267,25.982,52.257,26.242,50.324,D3C1213-200346F002
D3C1213-200346F003,1977/08/27,1213-2,3,Black and White,F,2 to 4 feet,6,2,Negative,346,,26°03'14.40"N,51°16'22.80"E,26°16'12"N,50°20'34.80"E,26°00'50.40"N,52°14'06"E,25°50'09.60"N,52°13'30"E,26°05'45.60"N,50°17'38.40"E,26.054,51.273,26.27,50.343,26.014,52.235,25.836,52.225,26.096,50.294,D3C1213-200346F003
D3C1213-200346F004,1977/08/27,1213-2,4,Black and White,F,2 to 4 feet,6,2,Negative,346,,25°54'28.80"N,51°14'31.20"E,26°07'26.40"N,50°18'46.80"E,25°52'04.80"N,52°12'10.80"E,25°41'24"N,52°11'34.80"E,25°57'00"N,50°15'50.40"E,25.908,51.242,26.124,50.313,25.868,52.203,25.69,52.193,25.95,50.264,D3C1213-200346F004
D3C1213-200346F005,1977/08/27,1213-2,5,Black and White,F,2 to 4 feet,6,2,Negative,346,,25°45'43.20"N,51°12'39.60"E,25°58'40.80"N,50°16'58.80"E,25°43'19.20"N,52°10'15.60"E,25°32'38.40"N,52°09'39.60"E,25°48'14.40"N,50°14'02.40"E,25.762,51.211,25.978,50.283,25.722,52.171,25.544,52.161,25.804,50.234,D3C1213-200346F005
D3C1213-200346F006,1977/08/27,1213-2,6,Black and White,F,2 to 4 feet,6,2,Negative,346,,25°36'57.60"N,51°10'48"E,25°49'55.20"N,50°15'10.80"E,25°34'33.60"N,52°08'20.40"E,25°23'52.80"N,52°07'44.40"E,25°39'28.80"N,50°12'14.40"E,25.616,51.18,25.832,50.253,25.576,52.139,25.398,52.129,25.658,50.204,D3C1213-200346F006
D3C1213-200346F007,1977/08/27,1213-2,7,Black and White,F,2 to 4 feet,6,2,Negative,346,,25°28'08.40"N,51°09'00"E,25°41'09.60"N,50°13'22.80"E,25°25'48"N,52°06'25.20"E,25°15'03.60"N,52°05'49.20"E,25°30'43.20"N,50°10'26.40"E,25.469,51.15,25.686,50.223,25.43,52.107,25.251,52.097,25.512,50.174,D3C1213-200346F007
D3C1214-200421A002,1978/05/04,1214-2,2,Black and White,A,2 to 4 feet,6,2,Negative,421,,26°25'26.40"N,50°23'34.80"E,26°33'54"N,49°54'07.20"E,26°27'10.80"N,50°55'08.40"E,26°17'38.40"N,50°54'00"E,26°22'44.40"N,49°54'07.20"E,26.424,50.393,26.565,49.902,26.453,50.919,26.294,50.9,26.379,49.902,D3C1214-200421A002
D3C1214-200421A003,1978/05/04,1214-2,3,Black and White,A,2 to 4 feet,6,2,Negative,421,,26°16'15.60"N,50°21'50.40"E,26°24'43.20"N,49°52'22.80"E,26°18'00"N,50°53'20.40"E,26°08'27.60"N,50°52'08.40"E,26°13'33.60"N,49°52'22.80"E,26.271,50.364,26.412,49.873,26.3,50.889,26.141,50.869,26.226,49.873,D3C1214-200421A003
D3C1214-200421A004,1978/05/04,1214-2,4,Black and White,A,2 to 4 feet,6,2,Negative,421,,26°07'04.80"N,50°20'02.40"E,26°15'32.40"N,49°50'34.80"E,26°08'49.20"N,50°51'28.80"E,25°59'16.80"N,50°50'20.40"E,26°04'22.80"N,49°50'38.40"E,26.118,50.334,26.259,49.843,26.147,50.858,25.988,50.839,26.073,49.844,D3C1214-200421A004
D3C1214-200421A005,1978/05/04,1214-2,5,Black and White,A,2 to 4 feet,6,2,Negative,421,,25°57'57.60"N,50°18'14.40"E,26°06'25.20"N,49°48'50.40"E,25°59'38.40"N,50°49'40.80"E,25°50'06"N,50°48'32.40"E,25°55'12"N,49°48'54"E,25.966,50.304,26.107,49.814,25.994,50.828,25.835,50.809,25.92,49.815,D3C1214-200421A005
D3C1214-200421A006,1978/05/04,1214-2,6,Black and White,A,2 to 4 feet,6,2,Negative,421,,25°48'46.80"N,50°16'22.80"E,25°57'14.40"N,49°47'06"E,25°50'27.60"N,50°47'49.20"E,25°40'58.80"N,50°46'40.80"E,25°46'01.20"N,49°47'09.60"E,25.813,50.273,25.954,49.785,25.841,50.797,25.683,50.778,25.767,49.786,D3C1214-200421A006
D3C1214-200421A007,1978/05/04,1214-2,7,Black and White,A,2 to 4 feet,6,2,Negative,421,,25°39'36"N,50°14'34.80"E,25°48'03.60"N,49°45'21.60"E,25°41'16.80"N,50°46'01.20"E,25°31'48"N,50°44'52.80"E,25°36'50.40"N,49°45'21.60"E,25.66,50.243,25.801,49.756,25.688,50.767,25.53,50.748,25.614,49.756,D3C1214-200421A007
D3C1214-200421A008,1978/05/04,1214-2,8,Black and White,A,2 to 4 feet,6,2,Negative,421,,25°30'25.20"N,50°12'54"E,25°38'52.80"N,49°43'37.20"E,25°32'09.60"N,50°44'13.20"E,25°22'37.20"N,50°43'04.80"E,25°27'39.60"N,49°43'37.20"E,25.507,50.215,25.648,49.727,25.536,50.737,25.377,50.718,25.461,49.727,D3C1214-200421A008
D3C1214-200421F002,1978/05/04,1214-2,2,Black and White,F,2 to 4 feet,6,2,Negative,421,,26°21'00"N,50°24'43.20"E,26°30'00"N,49°56'49.20"E,26°22'04.80"N,50°56'16.80"E,26°12'36"N,50°54'50.40"E,26°19'08.40"N,49°53'56.40"E,26.35,50.412,26.5,49.947,26.368,50.938,26.21,50.914,26.319,49.899,D3C1214-200421F002
D3C1214-200421F003,1978/05/04,1214-2,3,Black and White,F,2 to 4 feet,6,2,Negative,421,1,26°11'52.80"N,50°22'55.20"E,26°20'52.80"N,49°55'04.80"E,26°12'57.60"N,50°54'28.80"E,26°03'25.20"N,50°52'58.80"E,26°09'57.60"N,49°52'08.40"E,26.198,50.382,26.348,49.918,26.216,50.908,26.057,50.883,26.166,49.869,D3C1214-200421F003
D3C1214-200421F004,1978/05/04,1214-2,4,Black and White,F,2 to 4 feet,6,2,Negative,421,,26°02'42"N,50°21'07.20"E,26°11'42"N,49°53'20.40"E,26°03'46.80"N,50°52'37.20"E,25°54'14.40"N,50°51'10.80"E,26°00'46.80"N,49°50'24"E,26.045,50.352,26.195,49.889,26.063,50.877,25.904,50.853,26.013,49.84,D3C1214-200421F004
D3C1214-200421F005,1978/05/04,1214-2,5,Black and White,F,2 to 4 feet,6,2,Negative,421,,25°53'31.20"N,50°19'19.20"E,26°02'31.20"N,49°51'36"E,25°54'36"N,50°50'49.20"E,25°45'07.20"N,50°49'19.20"E,25°51'36"N,49°48'39.60"E,25.892,50.322,26.042,49.86,25.91,50.847,25.752,50.822,25.86,49.811,D3C1214-200421F005
D3C1214-200421F006,1978/05/04,1214-2,6,Black and White,F,2 to 4 feet,6,2,Negative,421,,25°44'20.40"N,50°17'31.20"E,25°53'20.40"N,49°49'48"E,25°45'25.20"N,50°49'01.20"E,25°35'56.40"N,50°47'31.20"E,25°42'25.20"N,49°46'55.20"E,25.739,50.292,25.889,49.83,25.757,50.817,25.599,50.792,25.707,49.782,D3C1214-200421F006
D3C1214-200421F007,1978/05/04,1214-2,7,Black and White,F,2 to 4 feet,6,2,Negative,421,,25°35'09.60"N,50°15'46.80"E,25°44'09.60"N,49°48'03.60"E,25°36'14.40"N,50°47'09.60"E,25°26'45.60"N,50°45'43.20"E,25°33'14.40"N,49°45'10.80"E,25.586,50.263,25.736,49.801,25.604,50.786,25.446,50.762,25.554,49.753,D3C1214-200421F007
D3C1215-200400F001,1979/05/02,1215-2,1,Black and White,F,2 to 4 feet,6,2,Negative,400,,25°59'34.80"N,50°30'10.80"E,26°08'06"N,50°03'39.60"E,26°00'54"N,50°59'02.40"E,25°51'18"N,50°57'50.40"E,25°58'01.20"N,50°01'19.20"E,25.993,50.503,26.135,50.061,26.015,50.984,25.855,50.964,25.967,50.022,D3C1215-200400F001
D3C1215-200400F002,1979/05/02,1215-2,2,Black and White,F,2 to 4 feet,6,2,Negative,400,,25°48'57.60"N,50°40'48"E,25°57'21.60"N,50°14'16.80"E,25°50'27.60"N,51°08'52.80"E,25°40'33.60"N,51°07'51.60"E,25°47'34.80"N,50°12'18"E,25.816,50.68,25.956,50.238,25.841,51.148,25.676,51.131,25.793,50.205,D3C1215-200400F002
D3C1215-200400F003,1979/05/02,1215-2,3,Black and White,F,2 to 4 feet,6,2,Negative,400,,25°39'54"N,50°39'00"E,25°48'18"N,50°12'32.40"E,25°41'24"N,51°07'04.80"E,25°31'30"N,51°06'03.60"E,25°38'31.20"N,50°10'30"E,25.665,50.65,25.805,50.209,25.69,51.118,25.525,51.101,25.642,50.175,D3C1215-200400F003
D3C1215-200400F004,1979/05/02,1215-2,4,Black and White,F,2 to 4 feet,6,2,Negative,400,,25°30'50.40"N,50°37'12"E,25°39'14.40"N,50°10'44.40"E,25°32'16.80"N,51°05'13.20"E,25°22'26.40"N,51°04'12"E,25°29'27.60"N,50°08'45.60"E,25.514,50.62,25.654,50.179,25.538,51.087,25.374,51.07,25.491,50.146,D3C1215-200400F004
D3C1215-401358F002,1979/09/02,1215-4,2,Black and White,F,2 to 4 feet,6,2,Negative,1358,,26°00'43.20"N,49°43'40.80"E,26°11'06"N,49°03'18"E,26°03'00"N,50°20'13.20"E,25°48'54"N,50°20'45.60"E,26°01'04.80"N,49°02'16.80"E,26.012,49.728,26.185,49.055,26.05,50.337,25.815,50.346,26.018,49.038,D3C1215-401358F002
D3C1215-401358F003,1979/09/02,1215-4,3,Black and White,F,2 to 4 feet,6,2,Negative,1358,,25°51'25.20"N,49°41'49.20"E,26°01'48"N,49°01'30"E,25°53'42"N,50°18'18"E,25°39'36"N,50°18'50.40"E,25°51'46.80"N,49°00'28.80"E,25.857,49.697,26.03,49.025,25.895,50.305,25.66,50.314,25.863,49.008,D3C1215-401358F003
D3C1215-401358F004,1979/09/02,1215-4,4,Black and White,F,2 to 4 feet,6,2,Negative,1358,,25°42'10.80"N,49°39'57.60"E,25°52'33.60"N,48°59'38.40"E,25°44'27.60"N,50°16'26.40"E,25°30'21.60"N,50°16'55.20"E,25°42'32.40"N,48°58'37.20"E,25.703,49.666,25.876,48.994,25.741,50.274,25.506,50.282,25.709,48.977,D3C1215-401358F004
D3C1216-200442A007,1980/08/12,1216-2,7,Black and White,A,2 to 4 feet,6,2,Negative,442,,26°23'09.60"N,49°52'48"E,26°31'12"N,49°24'21.60"E,26°25'19.20"N,50°22'33.60"E,26°15'10.80"N,50°20'42"E,26°20'56.40"N,49°23'42"E,26.386,49.88,26.52,49.406,26.422,50.376,26.253,50.345,26.349,49.395,D3C1216-200442A007
D3C1216-200442A008,1980/08/12,1216-2,8,Black and White,A,2 to 4 feet,6,2,Negative,442,,26°13'44.40"N,49°50'52.80"E,26°21'46.80"N,49°22'30"E,26°15'54"N,50°20'34.80"E,26°05'49.20"N,50°18'46.80"E,26°11'31.20"N,49°21'50.40"E,26.229,49.848,26.363,49.375,26.265,50.343,26.097,50.313,26.192,49.364,D3C1216-200442A008
D3C1216-200442A009,1980/08/12,1216-2,9,Black and White,A,2 to 4 feet,6,2,Negative,442,,26°04'19.20"N,49°49'01.20"E,26°12'21.60"N,49°20'38.40"E,26°06'28.80"N,50°18'39.60"E,25°56'24"N,50°16'51.60"E,26°02'06"N,49°19'58.80"E,26.072,49.817,26.206,49.344,26.108,50.311,25.94,50.281,26.035,49.333,D3C1216-200442A009
D3C1216-200442A010,1980/08/12,1216-2,10,Black and White,A,2 to 4 feet,6,2,Negative,442,,25°54'54"N,49°47'06"E,26°02'56.40"N,49°18'46.80"E,25°57'03.60"N,50°16'48"E,25°46'58.80"N,50°14'56.40"E,25°52'40.80"N,49°18'07.20"E,25.915,49.785,26.049,49.313,25.951,50.28,25.783,50.249,25.878,49.302,D3C1216-200442A010
D3C1216-200442F006,1980/08/12,1216-2,6,Black and White,F,2 to 4 feet,6,2,Negative,442,,26°27'14.40"N,49°55'37.20"E,26°35'56.40"N,49°28'04.80"E,26°28'40.80"N,50°24'50.40"E,26°18'28.80"N,50°23'42"E,26°25'51.60"N,49°25'58.80"E,26.454,49.927,26.599,49.468,26.478,50.414,26.308,50.395,26.431,49.433,D3C1216-200442F006
D3C1216-200442F007,1980/08/12,1216-2,7,Black and White,F,2 to 4 feet,6,2,Negative,442,,26°17'49.20"N,49°53'45.60"E,26°26'31.20"N,49°26'13.20"E,26°19'15.60"N,50°22'55.20"E,26°09'03.60"N,50°21'46.80"E,26°16'26.40"N,49°24'07.20"E,26.297,49.896,26.442,49.437,26.321,50.382,26.151,50.363,26.274,49.402,D3C1216-200442F007
D3C1216-200442F008,1980/08/12,1216-2,8,Black and White,F,2 to 4 feet,6,2,Negative,442,,26°08'20.40"N,49°51'50.40"E,26°17'06"N,49°24'21.60"E,26°09'50.40"N,50°21'00"E,25°59'38.40"N,50°19'51.60"E,26°06'57.60"N,49°22'15.60"E,26.139,49.864,26.285,49.406,26.164,50.35,25.994,50.331,26.116,49.371,D3C1216-200442F008
D3C1216-200442F009,1980/08/12,1216-2,9,Black and White,F,2 to 4 feet,6,2,Negative,442,,25°58'55.20"N,49°49'58.80"E,26°07'40.80"N,49°22'30"E,26°00'25.20"N,50°19'04.80"E,25°50'13.20"N,50°18'00"E,25°57'32.40"N,49°20'24"E,25.982,49.833,26.128,49.375,26.007,50.318,25.837,50.3,25.959,49.34,D3C1216-200442F009
D3C1216-200442F010,1980/08/12,1216-2,10,Black and White,F,2 to 4 feet,6,2,Negative,442,,25°49'33.60"N,49°48'03.60"E,25°58'15.60"N,49°20'38.40"E,25°51'00"N,50°17'09.60"E,25°40'48"N,50°16'04.80"E,25°48'07.20"N,49°18'32.40"E,25.826,49.801,25.971,49.344,25.85,50.286,25.68,50.268,25.802,49.309,D3C1216-200442F010
D3C1216-300950A031,1980/10/16,1216-3,31,Black and White,A,2 to 4 feet,6,2,Negative,950,,26°20'24"N,51°41'34.80"E,26°33'36"N,50°38'06"E,26°18'18"N,52°52'37.20"E,26°08'34.80"N,52°50'52.80"E,26°19'40.80"N,50°39'21.60"E,26.34,51.693,26.56,50.635,26.305,52.877,26.143,52.848,26.328,50.656,D3C1216-300950A031
D3C1216-300950A032,1980/10/16,1216-3,32,Black and White,A,2 to 4 feet,6,2,Negative,950,,26°11'20.40"N,51°39'50.40"E,26°24'32.40"N,50°36'21.60"E,26°09'14.40"N,52°50'45.60"E,25°59'27.60"N,52°49'01.20"E,26°10'33.60"N,50°37'40.80"E,26.189,51.664,26.409,50.606,26.154,52.846,25.991,52.817,26.176,50.628,D3C1216-300950A032
D3C1216-300950A033,1980/10/16,1216-3,33,Black and White,A,2 to 4 feet,6,2,Negative,950,1,26°02'16.80"N,51°38'06"E,26°15'25.20"N,50°34'40.80"E,26°00'10.80"N,52°48'57.60"E,25°50'24"N,52°47'13.20"E,26°01'30"N,50°36'00"E,26.038,51.635,26.257,50.578,26.003,52.816,25.84,52.787,26.025,50.6,D3C1216-300950A033
D3C1216-300950A034,1980/10/16,1216-3,34,Black and White,A,2 to 4 feet,6,2,Negative,950,,25°53'09.60"N,51°36'14.40"E,26°06'21.60"N,50°33'00"E,25°51'03.60"N,52°47'06"E,25°41'20.40"N,52°45'21.60"E,25°52'22.80"N,50°34'15.60"E,25.886,51.604,26.106,50.55,25.851,52.785,25.689,52.756,25.873,50.571,D3C1216-300950A034
D3C1216-300950A035,1980/10/16,1216-3,35,Black and White,A,2 to 4 feet,6,2,Negative,950,,25°44'02.40"N,51°34'33.60"E,25°57'14.40"N,50°31'15.60"E,25°42'00"N,52°45'18"E,25°32'13.20"N,52°43'33.60"E,25°43'15.60"N,50°32'34.80"E,25.734,51.576,25.954,50.521,25.7,52.755,25.537,52.726,25.721,50.543,D3C1216-300950A035
D3C1216-300950A036,1980/10/16,1216-3,36,Black and White,A,2 to 4 feet,6,2,Negative,950,,25°34'58.80"N,51°32'49.20"E,25°48'10.80"N,50°29'34.80"E,25°32'56.40"N,52°43'26.40"E,25°23'09.60"N,52°41'42"E,25°34'12"N,50°30'54"E,25.583,51.547,25.803,50.493,25.549,52.724,25.386,52.695,25.57,50.515,D3C1216-300950A036
D3C1216-300950A037,1980/10/16,1216-3,37,Black and White,A,2 to 4 feet,6,2,Negative,950,,25°25'55.20"N,51°31'04.80"E,25°39'03.60"N,50°27'54"E,25°23'52.80"N,52°41'38.40"E,25°14'06"N,52°39'54"E,25°25'04.80"N,50°29'13.20"E,25.432,51.518,25.651,50.465,25.398,52.694,25.235,52.665,25.418,50.487,D3C1216-300950A037
D3C1216-401438A001,1981/03/04,1216-4,1,Black and White,A,2 to 4 feet,6,2,Negative,1438,,26°18'14.40"N,51°13'12"E,26°28'40.80"N,50°24'50.40"E,26°21'03.60"N,51°59'16.80"E,26°06'00"N,51°53'02.40"E,26°18'36"N,50°22'44.40"E,26.304,51.22,26.478,50.414,26.351,51.988,26.1,51.884,26.31,50.379,D3C1216-401438A001
D3C1216-401438A002,1981/03/04,1216-4,2,Black and White,A,2 to 4 feet,6,2,Negative,1438,1,26°11'49.20"N,50°48'21.60"E,26°20'56.40"N,50°09'00"E,26°14'31.20"N,51°26'45.60"E,26°01'19.20"N,51°22'15.60"E,26°11'13.20"N,50°07'15.60"E,26.197,50.806,26.349,50.15,26.242,51.446,26.022,51.371,26.187,50.121,D3C1216-401438A002
D3C1216-401438A003,1981/03/04,1216-4,3,Black and White,A,2 to 4 feet,6,2,Negative,1438,,26°02'49.20"N,50°46'26.40"E,26°11'56.40"N,50°07'08.40"E,26°05'31.20"N,51°24'50.40"E,25°52'22.80"N,51°20'20.40"E,26°02'13.20"N,50°05'27.60"E,26.047,50.774,26.199,50.119,26.092,51.414,25.873,51.339,26.037,50.091,D3C1216-401438A003
D3C1216-401438A004,1981/03/04,1216-4,4,Black and White,A,2 to 4 feet,6,2,Negative,1438,,25°53'49.20"N,50°44'38.40"E,26°02'52.80"N,50°05'20.40"E,25°56'31.20"N,51°22'58.80"E,25°43'22.80"N,51°18'28.80"E,25°53'13.20"N,50°03'39.60"E,25.897,50.744,26.048,50.089,25.942,51.383,25.723,51.308,25.887,50.061,D3C1216-401438A004
D3C1216-401438A005,1981/03/04,1216-4,5,Black and White,A,2 to 4 feet,6,2,Negative,1438,,25°44'49.20"N,50°42'46.80"E,25°53'52.80"N,50°03'32.40"E,25°47'31.20"N,51°21'03.60"E,25°34'22.80"N,51°16'33.60"E,25°44'13.20"N,50°01'51.60"E,25.747,50.713,25.898,50.059,25.792,51.351,25.573,51.276,25.737,50.031,D3C1216-401438A005
D3C1216-401438A006,1981/03/04,1216-4,6,Black and White,A,2 to 4 feet,6,2,Negative,1438,,25°35'49.20"N,50°40'58.80"E,25°44'52.80"N,50°01'44.40"E,25°38'31.20"N,51°19'12"E,25°25'22.80"N,51°14'42"E,25°35'13.20"N,50°00'03.60"E,25.597,50.683,25.748,50.029,25.642,51.32,25.423,51.245,25.587,50.001,D3C1216-401438A006
D3C1216-401438A007,1981/03/04,1216-4,7,Black and White,A,2 to 4 feet,6,2,Negative,1438,,25°26'49.20"N,50°39'07.20"E,25°35'52.80"N,49°59'56.40"E,25°29'31.20"N,51°17'16.80"E,25°16'22.80"N,51°12'46.80"E,25°26'13.20"N,49°58'15.60"E,25.447,50.652,25.598,49.999,25.492,51.288,25.273,51.213,25.437,49.971,D3C1216-401438A007
D3C1216-401438F001,1981/03/04,1216-4,1,Black and White,F,2 to 4 feet,6,2,Negative,1438,1,26°16'01.20"N,50°34'01.20"E,26°25'22.80"N,49°59'45.60"E,26°18'00"N,51°06'10.80"E,26°05'34.80"N,51°06'07.20"E,26°15'50.40"N,49°58'33.60"E,26.267,50.567,26.423,49.996,26.3,51.103,26.093,51.102,26.264,49.976,D3C1216-401438F001
D3C1216-401438F002,1981/03/04,1216-4,2,Black and White,F,2 to 4 feet,6,2,Negative,1438,,26°04'44.40"N,50°48'54"E,26°15'00"N,50°09'21.60"E,26°06'54"N,51°24'36"E,25°53'06"N,51°25'04.80"E,26°05'13.20"N,50°08'20.40"E,26.079,50.815,26.25,50.156,26.115,51.41,25.885,51.418,26.087,50.139,D3C1216-401438F002
D3C1216-401438F003,1981/03/04,1216-4,3,Black and White,F,2 to 4 feet,6,2,Negative,1438,,25°55'44.40"N,50°47'02.40"E,26°06'00"N,50°07'33.60"E,25°57'54"N,51°22'40.80"E,25°44'06"N,51°23'09.60"E,25°56'13.20"N,50°06'32.40"E,25.929,50.784,26.1,50.126,25.965,51.378,25.735,51.386,25.937,50.109,D3C1216-401438F003
D3C1216-401438F004,1981/03/04,1216-4,4,Black and White,F,2 to 4 feet,6,2,Negative,1438,,25°46'48"N,50°45'07.20"E,25°57'00"N,50°05'45.60"E,25°48'54"N,51°20'45.60"E,25°35'09.60"N,51°21'14.40"E,25°47'13.20"N,50°04'44.40"E,25.78,50.752,25.95,50.096,25.815,51.346,25.586,51.354,25.787,50.079,D3C1216-401438F004
D3C1216-401438F005,1981/03/04,1216-4,5,Black and White,F,2 to 4 feet,6,2,Negative,1438,,25°37'48"N,50°43'19.20"E,25°48'00"N,50°03'57.60"E,25°39'54"N,51°18'54"E,25°26'09.60"N,51°19'22.80"E,25°38'13.20"N,50°02'56.40"E,25.63,50.722,25.8,50.066,25.665,51.315,25.436,51.323,25.637,50.049,D3C1216-401438F005
D3C1216-401438F006,1981/03/04,1216-4,6,Black and White,F,2 to 4 feet,6,2,Negative,1438,,25°28'44.40"N,50°41'24"E,25°39'00"N,50°02'09.60"E,25°30'54"N,51°17'02.40"E,25°17'09.60"N,51°17'31.20"E,25°29'09.60"N,50°01'08.40"E,25.479,50.69,25.65,50.036,25.515,51.284,25.286,51.292,25.486,50.019,D3C1216-401438F006
D3C1217-100109A006,1982/05/23,1217-1,6,Black and White,A,2 to 4 feet,6,2,Negative,109,,26°30'25.20"N,50°06'36"E,26°48'21.60"N,48°19'58.80"E,26°26'06"N,51°55'08.40"E,26°12'43.20"N,51°50'31.20"E,26°34'15.60"N,48°21'18"E,26.507,50.11,26.806,48.333,26.435,51.919,26.212,51.842,26.571,48.355,D3C1217-100109A006
D3C1217-100109A007,1982/05/23,1217-1,7,Black and White,A,2 to 4 feet,6,2,Negative,109,1,26°21'14.40"N,50°04'40.80"E,26°39'10.80"N,48°18'18"E,26°16'55.20"N,51°53'13.20"E,26°03'36"N,51°48'36"E,26°25'04.80"N,48°19'33.60"E,26.354,50.078,26.653,48.305,26.282,51.887,26.06,51.81,26.418,48.326,D3C1217-100109A007
D3C1217-100109A008,1982/05/23,1217-1,8,Black and White,A,2 to 4 feet,6,2,Negative,109,1,26°12'03.60"N,50°03'00"E,26°30'00"N,48°16'37.20"E,26°07'48"N,51°51'18"E,25°54'25.20"N,51°46'40.80"E,26°15'54"N,48°17'52.80"E,26.201,50.05,26.5,48.277,26.13,51.855,25.907,51.778,26.265,48.298,D3C1217-100109A008
D3C1217-100109A009,1982/05/23,1217-1,9,Black and White,A,2 to 4 feet,6,2,Negative,109,,26°02'56.40"N,50°01'04.80"E,26°20'49.20"N,48°14'52.80"E,25°58'37.20"N,51°49'22.80"E,25°45'18"N,51°44'45.60"E,26°06'43.20"N,48°16'12"E,26.049,50.018,26.347,48.248,25.977,51.823,25.755,51.746,26.112,48.27,D3C1217-100109A009
D3C1217-100109A010,1982/05/23,1217-1,10,Black and White,A,2 to 4 feet,6,2,Negative,109,,25°53'45.60"N,49°59'20.40"E,26°11'38.40"N,48°13'08.40"E,25°49'30"N,51°47'24"E,25°36'07.20"N,51°42'46.80"E,25°57'32.40"N,48°14'27.60"E,25.896,49.989,26.194,48.219,25.825,51.79,25.602,51.713,25.959,48.241,D3C1217-100109A010
D3C1217-100109A011,1982/05/23,1217-1,11,Black and White,A,2 to 4 feet,6,2,Negative,109,,25°44'34.80"N,49°57'32.40"E,26°02'27.60"N,48°11'24"E,25°40'22.80"N,51°45'25.20"E,25°27'00"N,51°40'48"E,25°48'25.20"N,48°12'43.20"E,25.743,49.959,26.041,48.19,25.673,51.757,25.45,51.68,25.807,48.212,D3C1217-100109A011
D3C1217-100109A012,1982/05/23,1217-1,12,Black and White,A,2 to 4 feet,6,2,Negative,109,,25°35'24"N,49°55'40.80"E,25°53'16.80"N,48°09'43.20"E,25°31'12"N,51°43'26.40"E,25°17'49.20"N,51°38'52.80"E,25°39'14.40"N,48°10'58.80"E,25.59,49.928,25.888,48.162,25.52,51.724,25.297,51.648,25.654,48.183,D3C1217-100109A012
D3C1217-100109F006,1982/05/23,1217-1,6,Black and White,F,2 to 4 feet,6,2,Negative,109,,26°24'36"N,50°07'26.40"E,26°44'27.60"N,48°24'18"E,26°18'28.80"N,51°52'51.60"E,26°04'26.40"N,51°53'20.40"E,26°31'01.20"N,48°19'30"E,26.41,50.124,26.741,48.405,26.308,51.881,26.074,51.889,26.517,48.325,D3C1217-100109F006
D3C1217-100109F007,1982/05/23,1217-1,7,Black and White,F,2 to 4 feet,6,2,Negative,109,1,26°15'21.60"N,50°05'38.40"E,26°35'16.80"N,48°22'37.20"E,26°09'18"N,51°50'56.40"E,25°55'15.60"N,51°51'21.60"E,26°21'50.40"N,48°17'49.20"E,26.256,50.094,26.588,48.377,26.155,51.849,25.921,51.856,26.364,48.297,D3C1217-100109F007
D3C1217-100109F008,1982/05/23,1217-1,8,Black and White,F,2 to 4 feet,6,2,Negative,109,,26°06'14.40"N,50°03'39.60"E,26°26'09.60"N,48°20'52.80"E,26°00'07.20"N,51°48'57.60"E,25°46'04.80"N,51°49'26.40"E,26°12'39.60"N,48°16'04.80"E,26.104,50.061,26.436,48.348,26.002,51.816,25.768,51.824,26.211,48.268,D3C1217-100109F008
D3C1217-100109F009,1982/05/23,1217-1,9,Black and White,F,2 to 4 feet,6,2,Negative,109,,25°57'03.60"N,50°01'48"E,26°16'58.80"N,48°19'12"E,25°50'56.40"N,51°47'02.40"E,25°36'57.60"N,51°47'31.20"E,26°03'28.80"N,48°14'24"E,25.951,50.03,26.283,48.32,25.849,51.784,25.616,51.792,26.058,48.24,D3C1217-100109F009
D3C1217-100109F010,1982/05/23,1217-1,10,Black and White,F,2 to 4 feet,6,2,Negative,109,,25°47'52.80"N,50°00'00"E,26°07'48"N,48°17'31.20"E,25°41'45.60"N,51°45'07.20"E,25°27'46.80"N,51°45'36"E,25°54'18"N,48°12'43.20"E,25.798,50,26.13,48.292,25.696,51.752,25.463,51.76,25.905,48.212,D3C1217-100109F010
D3C1217-100109F011,1982/05/23,1217-1,11,Black and White,F,2 to 4 feet,6,2,Negative,109,,25°38'42"N,49°58'22.80"E,25°58'33.60"N,48°15'50.40"E,25°32'38.40"N,51°43'15.60"E,25°18'36"N,51°43'40.80"E,25°45'07.20"N,48°11'02.40"E,25.645,49.973,25.976,48.264,25.544,51.721,25.31,51.728,25.752,48.184,D3C1217-100109F011
D3C1217-100109F012,1982/05/23,1217-1,12,Black and White,F,2 to 4 feet,6,2,Negative,109,,25°29'31.20"N,49°56'27.60"E,25°49'26.40"N,48°14'06"E,25°23'27.60"N,51°41'16.80"E,25°09'25.20"N,51°41'45.60"E,25°35'56.40"N,48°09'21.60"E,25.492,49.941,25.824,48.235,25.391,51.688,25.157,51.696,25.599,48.156,D3C1217-100109F012
D3C1218-100242A021,1983/08/01,1218-1,21,Black and White,A,2 to 4 feet,6,2,Negative,242,,26°34'33.60"N,48°49'37.20"E,26°52'26.40"N,47°03'32.40"E,26°30'10.80"N,50°37'48"E,26°16'55.20"N,50°33'07.20"E,26°38'24"N,47°04'48"E,26.576,48.827,26.874,47.059,26.503,50.63,26.282,50.552,26.64,47.08,D3C1218-100242A021
D3C1218-100242A022,1983/08/01,1218-1,22,Black and White,A,2 to 4 feet,6,2,Negative,242,,26°25'22.80"N,48°47'42"E,26°43'15.60"N,47°01'48"E,26°21'03.60"N,50°35'45.60"E,26°07'48"N,50°31'08.40"E,26°29'13.20"N,47°03'03.60"E,26.423,48.795,26.721,47.03,26.351,50.596,26.13,50.519,26.487,47.051,D3C1218-100242A022
D3C1218-100242A023,1983/08/01,1218-1,23,Black and White,A,2 to 4 feet,6,2,Negative,242,,26°16'12"N,48°45'54"E,26°34'04.80"N,47°00'03.60"E,26°11'52.80"N,50°33'46.80"E,25°58'37.20"N,50°29'09.60"E,26°20'02.40"N,47°01'22.80"E,26.27,48.765,26.568,47.001,26.198,50.563,25.977,50.486,26.334,47.023,D3C1218-100242A023
D3C1218-100242A024,1983/08/01,1218-1,24,Black and White,A,2 to 4 feet,6,2,Negative,242,,26°07'04.80"N,48°43'58.80"E,26°24'54"N,46°58'22.80"E,26°02'45.60"N,50°31'44.40"E,25°49'30"N,50°27'07.20"E,26°10'51.60"N,46°59'38.40"E,26.118,48.733,26.415,46.973,26.046,50.529,25.825,50.452,26.181,46.994,D3C1218-100242A024
D3C1218-100242A025,1983/08/01,1218-1,25,Black and White,A,2 to 4 feet,6,2,Negative,242,,25°57'54"N,48°42'07.20"E,26°15'43.20"N,46°56'38.40"E,25°53'34.80"N,50°29'42"E,25°40'19.20"N,50°25'08.40"E,26°01'40.80"N,46°57'54"E,25.965,48.702,26.262,46.944,25.893,50.495,25.672,50.419,26.028,46.965,D3C1218-100242A025
D3C1218-100242F020,1983/08/01,1218-1,20,Black and White,F,2 to 4 feet,6,2,Negative,242,,26°38'02.40"N,48°52'22.80"E,26°57'57.60"N,47°09'36"E,26°31'51.60"N,50°37'40.80"E,26°17'52.80"N,50°38'06"E,26°44'31.20"N,47°04'48"E,26.634,48.873,26.966,47.16,26.531,50.628,26.298,50.635,26.742,47.08,D3C1218-100242F020
D3C1218-100242F021,1983/08/01,1218-1,21,Black and White,F,2 to 4 feet,6,2,Negative,242,,26°28'51.60"N,48°50'27.60"E,26°48'46.80"N,47°07'55.20"E,26°22'40.80"N,50°35'42"E,26°08'45.60"N,50°36'07.20"E,26°35'20.40"N,47°03'07.20"E,26.481,48.841,26.813,47.132,26.378,50.595,26.146,50.602,26.589,47.052,D3C1218-100242F021
D3C1218-100242F022,1983/08/01,1218-1,22,Black and White,F,2 to 4 feet,6,2,Negative,242,,26°19'40.80"N,48°48'43.20"E,26°39'36"N,47°06'10.80"E,26°13'33.60"N,50°33'43.20"E,25°59'34.80"N,50°34'08.40"E,26°26'09.60"N,47°01'22.80"E,26.328,48.812,26.66,47.103,26.226,50.562,25.993,50.569,26.436,47.023,D3C1218-100242F022
D3C1218-100242F023,1983/08/01,1218-1,23,Black and White,F,2 to 4 feet,6,2,Negative,242,,26°10'30"N,48°46'51.60"E,26°30'21.60"N,47°04'30"E,26°04'22.80"N,50°31'40.80"E,25°50'27.60"N,50°32'09.60"E,26°16'58.80"N,46°59'42"E,26.175,48.781,26.506,47.075,26.073,50.528,25.841,50.536,26.283,46.995,D3C1218-100242F023
D3C1218-100242F024,1983/08/01,1218-1,24,Black and White,F,2 to 4 feet,6,2,Negative,242,,26°01'22.80"N,48°45'00"E,26°21'10.80"N,47°02'45.60"E,25°55'15.60"N,50°29'42"E,25°41'20.40"N,50°30'07.20"E,26°07'48"N,46°57'57.60"E,26.023,48.75,26.353,47.046,25.921,50.495,25.689,50.502,26.13,46.966,D3C1218-100242F024
D3C1218-100242F025,1983/08/01,1218-1,25,Black and White,F,2 to 4 feet,6,2,Negative,242,,25°52'12"N,48°43'04.80"E,26°12'00"N,47°01'01.20"E,25°46'04.80"N,50°27'39.60"E,25°32'09.60"N,50°28'08.40"E,25°58'37.20"N,46°56'16.80"E,25.87,48.718,26.2,47.017,25.768,50.461,25.536,50.469,25.977,46.938,D3C1218-100242F025
D3C1219-100140A016,1984/07/18,1219-1,16,Black and White,A,2 to 4 feet,6,2,Negative,140,,26°22'08.40"N,51°22'22.80"E,26°36'00"N,50°10'44.40"E,26°21'21.60"N,52°35'49.20"E,26°08'24"N,52°32'31.20"E,26°22'37.20"N,50°10'48"E,26.369,51.373,26.6,50.179,26.356,52.597,26.14,52.542,26.377,50.18,D3C1219-100140A016
D3C1219-100140A017,1984/07/18,1219-1,17,Black and White,A,2 to 4 feet,6,2,Negative,140,,26°11'13.20"N,51°20'16.80"E,26°25'04.80"N,50°08'42"E,26°10'30"N,52°33'32.40"E,25°57'32.40"N,52°30'14.40"E,26°11'45.60"N,50°08'45.60"E,26.187,51.338,26.418,50.145,26.175,52.559,25.959,52.504,26.196,50.146,D3C1219-100140A017
D3C1219-100140A018,1984/07/18,1219-1,18,Black and White,A,2 to 4 feet,6,2,Negative,140,,26°00'21.60"N,51°18'03.60"E,26°14'09.60"N,50°06'39.60"E,25°59'34.80"N,52°31'15.60"E,25°46'40.80"N,52°27'57.60"E,26°00'50.40"N,50°06'43.20"E,26.006,51.301,26.236,50.111,25.993,52.521,25.778,52.466,26.014,50.112,D3C1219-100140A018
D3C1219-100140A019,1984/07/18,1219-1,19,Black and White,A,2 to 4 feet,6,2,Negative,140,,25°49'30"N,51°15'54"E,26°03'18"N,50°04'33.60"E,25°48'43.20"N,52°28'58.80"E,25°35'49.20"N,52°25'44.40"E,25°49'58.80"N,50°04'40.80"E,25.825,51.265,26.055,50.076,25.812,52.483,25.597,52.429,25.833,50.078,D3C1219-100140A019
D3C1219-100140A020,1984/07/18,1219-1,20,Black and White,A,2 to 4 feet,6,2,Negative,140,,25°38'34.80"N,51°13'44.40"E,25°52'22.80"N,50°02'31.20"E,25°37'51.60"N,52°26'42"E,25°24'57.60"N,52°23'27.60"E,25°39'03.60"N,50°02'38.40"E,25.643,51.229,25.873,50.042,25.631,52.445,25.416,52.391,25.651,50.044,D3C1219-100140A020
D3C1219-100140A021,1984/07/18,1219-1,21,Black and White,A,2 to 4 feet,6,2,Negative,140,,25°27'43.20"N,51°11'34.80"E,25°41'31.20"N,50°00'28.80"E,25°27'00"N,52°24'25.20"E,25°14'06"N,52°21'10.80"E,25°28'12"N,50°00'32.40"E,25.462,51.193,25.692,50.008,25.45,52.407,25.235,52.353,25.47,50.009,D3C1219-100140A021
D3C1219-100140F016,1984/07/18,1219-1,16,Black and White,F,2 to 4 feet,6,2,Negative,140,,26°15'50.40"N,51°23'24"E,26°31'19.20"N,50°13'58.80"E,26°13'30"N,52°35'02.40"E,26°00'18"N,52°34'22.80"E,26°18'21.60"N,50°10'33.60"E,26.264,51.39,26.522,50.233,26.225,52.584,26.005,52.573,26.306,50.176,D3C1219-100140F016
D3C1219-100140F017,1984/07/18,1219-1,17,Black and White,F,2 to 4 feet,6,2,Negative,140,,26°04'58.80"N,51°21'21.60"E,26°20'24"N,50°11'56.40"E,26°02'38.40"N,52°32'45.60"E,25°49'22.80"N,52°32'06"E,26°07'30"N,50°08'31.20"E,26.083,51.356,26.34,50.199,26.044,52.546,25.823,52.535,26.125,50.142,D3C1219-100140F017
D3C1219-100140F018,1984/07/18,1219-1,18,Black and White,F,2 to 4 feet,6,2,Negative,140,,25°54'03.60"N,51°19'08.40"E,26°09'32.40"N,50°09'54"E,25°51'46.80"N,52°30'32.40"E,25°38'31.20"N,52°29'52.80"E,25°56'34.80"N,50°06'28.80"E,25.901,51.319,26.159,50.165,25.863,52.509,25.642,52.498,25.943,50.108,D3C1219-100140F018
D3C1219-100140F019,1984/07/18,1219-1,19,Black and White,F,2 to 4 feet,6,2,Negative,140,,25°43'12"N,51°17'02.40"E,25°58'37.20"N,50°07'51.60"E,25°40'55.20"N,52°28'15.60"E,25°27'39.60"N,52°27'36"E,25°45'43.20"N,50°04'26.40"E,25.72,51.284,25.977,50.131,25.682,52.471,25.461,52.46,25.762,50.074,D3C1219-100140F019
D3C1219-100140F020,1984/07/18,1219-1,20,Black and White,F,2 to 4 feet,6,2,Negative,140,,25°32'20.40"N,51°14'49.20"E,25°47'45.60"N,50°05'49.20"E,25°30'00"N,52°26'02.40"E,25°16'48"N,52°25'22.80"E,25°34'48"N,50°02'24"E,25.539,51.247,25.796,50.097,25.5,52.434,25.28,52.423,25.58,50.04,D3C1219-100140F020
D3C1219-100140F021,1984/07/18,1219-1,21,Black and White,F,2 to 4 feet,6,2,Negative,140,,25°21'25.20"N,51°12'39.60"E,25°36'50.40"N,50°03'46.80"E,25°19'08.40"N,52°23'45.60"E,25°05'56.40"N,52°23'06"E,25°23'52.80"N,50°00'21.60"E,25.357,51.211,25.614,50.063,25.319,52.396,25.099,52.385,25.398,50.006,D3C1219-100140F021
D3C1219-200801F037,1984/09/18,1219-2,37,Black and White,F,2 to 4 feet,6,2,Negative,801,1,26°39'00"N,49°06'39.60"E,27°01'33.60"N,47°07'44.40"E,26°32'16.80"N,51°08'24"E,26°16'12"N,51°08'52.80"E,26°46'04.80"N,47°02'20.40"E,26.65,49.111,27.026,47.129,26.538,51.14,26.27,51.148,26.768,47.039,D3C1219-200801F037
D3C1219-200801F038,1984/09/18,1219-2,38,Black and White,F,2 to 4 feet,6,2,Negative,801,,26°28'30"N,49°04'30"E,26°51'00"N,47°05'45.60"E,26°21'46.80"N,51°06'03.60"E,26°05'42"N,51°06'32.40"E,26°35'31.20"N,47°00'21.60"E,26.475,49.075,26.85,47.096,26.363,51.101,26.095,51.109,26.592,47.006,D3C1219-200801F038
D3C1219-200801F039,1984/09/18,1219-2,39,Black and White,F,2 to 4 feet,6,2,Negative,801,,26°17'56.40"N,49°02'24"E,26°40'26.40"N,47°03'50.40"E,26°11'16.80"N,51°03'46.80"E,25°55'12"N,51°04'15.60"E,26°24'57.60"N,46°58'26.40"E,26.299,49.04,26.674,47.064,26.188,51.063,25.92,51.071,26.416,46.974,D3C1219-200801F039
D3C1219-200801F040,1984/09/18,1219-2,40,Black and White,F,2 to 4 feet,6,2,Negative,801,,26°07'26.40"N,49°00'21.60"E,26°29'52.80"N,47°01'55.20"E,26°00'46.80"N,51°01'30"E,25°44'42"N,51°01'58.80"E,26°14'24"N,46°56'31.20"E,26.124,49.006,26.498,47.032,26.013,51.025,25.745,51.033,26.24,46.942,D3C1219-200801F040
D3C1219-200801F041,1984/09/18,1219-2,41,Black and White,F,2 to 4 feet,6,2,Negative,801,,25°56'52.80"N,48°58'12"E,26°19'19.20"N,46°59'56.40"E,25°50'16.80"N,50°59'13.20"E,25°34'12"N,50°59'42"E,26°03'50.40"N,46°54'36"E,25.948,48.97,26.322,46.999,25.838,50.987,25.57,50.995,26.064,46.91,D3C1219-200801F041
D3C1219-200801F042,1984/09/18,1219-2,42,Black and White,F,2 to 4 feet,6,2,Negative,801,1,25°46'19.20"N,48°56'09.60"E,26°08'45.60"N,46°58'04.80"E,25°39'46.80"N,50°56'56.40"E,25°23'38.40"N,50°57'28.80"E,25°53'13.20"N,46°52'44.40"E,25.772,48.936,26.146,46.968,25.663,50.949,25.394,50.958,25.887,46.879,D3C1219-200801F042
D3C1219-200801F043,1984/09/18,1219-2,43,Black and White,F,2 to 4 feet,6,2,Negative,801,1,25°35'45.60"N,48°54'00"E,25°58'12"N,46°56'09.60"E,25°29'13.20"N,50°54'43.20"E,25°13'08.40"N,50°55'15.60"E,25°42'39.60"N,46°50'49.20"E,25.596,48.9,25.97,46.936,25.487,50.912,25.219,50.921,25.711,46.847,D3C1219-200801F043
